{
    "temps": [
        -25,
        -15,
        -5,
        5,
        15,
        25,
        35,
        45
    ],
    "etaParam": [
        0.9352750883077556,
        0.9687882710682045,
        0.9892038434260564,
        0.995362805532912,
        0.9952676564918136,
        0.9944503313637096,
        0.9936637958864297,
        0.9924108049166238
    ],
    "QParam": [
        2.055974528996569,
        2.0572662044936147,
        2.063050665421433,
        2.046536130318432,
        2.051807272041523,
        2.0495322455503873,
        2.0498289157492056,
        2.043267208462796
    ],
    "GParam": [
        2.655988158053434,
        1.000000019312601,
        1.000000019312601,
        1.0000121503937973,
        1.000000019312601,
        1.000000019312601,
        1.000000019312601,
        1.000000019312601
    ],
    "M0Param": [
        0.012398526828321911,
        0.004047071518028886,
        0.00017508497198529265,
        0.001124726570738399,
        0.0,
        0.0,
        0.0,
        0.0005671509472058618
    ],
    "MParam": [
        0.2514582680928432,
        0.17774743759507877,
        0.1574734775796567,
        0.16971742863352465,
        0.15649206453160192,
        0.16802748041974686,
        0.14356460573220553,
        0.08178636210814659
    ],
    "R0Param": [
        0.13157134259054495,
        0.062031716130874014,
        0.028536240135772096,
        0.01807282376522604,
        0.012115670838032352,
        0.00969980279638488,
        0.00824476383665807,
        0.0076818028239207135
    ],
    "RCParam": [
        [
            0.6303938356095788,
            1.7744735308344648,
            34.975660805636956
        ],
        [
            1.0604800380957191,
            2.763056325138488,
            20.53438782169626
        ],
        [
            0.914276536431342,
            1.6936399313350075,
            47.85186853447237
        ],
        [
            1.4201004794528012,
            1.4248104156139203,
            15.802268115793918
        ],
        [
            0.46497953397059505,
            0.787799666645755,
            35.99535587922551
        ],
        [
            0.8852106027907674,
            0.9927389008629135,
            21.39754250037481
        ],
        [
            0.36242004419323076,
            1.6467705422532026,
            34.521931179537546
        ],
        [
            0.3149885476513333,
            1.902316883725217,
            26.87685187196145
        ]
    ],
    "RParam": [
        [
            0.0,
            0.033054538706579276,
            0.11962975421027533
        ],
        [
            0.006602589525698451,
            0.0,
            0.05939539103432453
        ],
        [
            0.0,
            0.005314731474806591,
            0.039098340518698205
        ],
        [
            0.00035601206076820016,
            0.0,
            0.016928098223487332
        ],
        [
            0.0,
            0.001606028618926582,
            0.019996604500937824
        ],
        [
            0.000734555220489245,
            0.0,
            0.012246109256292288
        ],
        [
            0.0,
            0.0014704205210774631,
            0.012426699249253862
        ],
        [
            0.0,
            0.001053826501779841,
            0.009436379487194703
        ]
    ],
    "SOC": [
        0.0,
        0.005,
        0.01,
        0.015,
        0.02,
        0.025,
        0.03,
        0.035,
        0.04,
        0.045,
        0.05,
        0.055,
        0.06,
        0.065,
        0.07,
        0.075,
        0.08,
        0.085,
        0.09,
        0.095,
        0.1,
        0.105,
        0.11,
        0.115,
        0.12,
        0.125,
        0.13,
        0.135,
        0.14,
        0.145,
        0.15,
        0.155,
        0.16,
        0.165,
        0.17,
        0.175,
        0.18,
        0.185,
        0.19,
        0.195,
        0.2,
        0.205,
        0.21,
        0.215,
        0.22,
        0.225,
        0.23,
        0.235,
        0.24,
        0.245,
        0.25,
        0.255,
        0.26,
        0.265,
        0.27,
        0.275,
        0.28,
        0.285,
        0.29,
        0.295,
        0.3,
        0.305,
        0.31,
        0.315,
        0.32,
        0.325,
        0.33,
        0.335,
        0.34,
        0.345,
        0.35,
        0.355,
        0.36,
        0.365,
        0.37,
        0.375,
        0.38,
        0.385,
        0.39,
        0.395,
        0.4,
        0.405,
        0.41,
        0.415,
        0.42,
        0.425,
        0.43,
        0.435,
        0.44,
        0.445,
        0.45,
        0.455,
        0.46,
        0.465,
        0.47,
        0.475,
        0.48,
        0.485,
        0.49,
        0.495,
        0.5,
        0.505,
        0.51,
        0.515,
        0.52,
        0.525,
        0.53,
        0.535,
        0.54,
        0.545,
        0.55,
        0.555,
        0.56,
        0.565,
        0.57,
        0.575,
        0.58,
        0.585,
        0.59,
        0.595,
        0.6,
        0.605,
        0.61,
        0.615,
        0.62,
        0.625,
        0.63,
        0.635,
        0.64,
        0.645,
        0.65,
        0.655,
        0.66,
        0.665,
        0.67,
        0.675,
        0.68,
        0.685,
        0.69,
        0.695,
        0.7,
        0.705,
        0.71,
        0.715,
        0.72,
        0.725,
        0.73,
        0.735,
        0.74,
        0.745,
        0.75,
        0.755,
        0.76,
        0.765,
        0.77,
        0.775,
        0.78,
        0.785,
        0.79,
        0.795,
        0.8,
        0.805,
        0.81,
        0.815,
        0.82,
        0.825,
        0.83,
        0.835,
        0.84,
        0.845,
        0.85,
        0.855,
        0.86,
        0.865,
        0.87,
        0.875,
        0.88,
        0.885,
        0.89,
        0.895,
        0.9,
        0.905,
        0.91,
        0.915,
        0.92,
        0.925,
        0.93,
        0.935,
        0.94,
        0.945,
        0.95,
        0.955,
        0.96,
        0.965,
        0.97,
        0.975,
        0.98,
        0.985,
        0.99,
        0.995,
        1.0
    ],